clip,source_recording,ad_id,time_sec,clock_time,duration_sec,confidence,score,scale
2026-06-12-07-00-05_asan_radio_srv6-61min__ad_1__t1150.5_conf0.999.mp3,2026-06-12-07-00-05_asan_radio_srv6-61min.mp3,ad_1,1150.464,2026-06-12 07:19:15,14.144,0.9994,0.9520,1.0000
2026-06-12-07-00-10_tmb_srv6-61min__ad_2__t3599.7_conf1.000.mp3,2026-06-12-07-00-10_tmb_srv6-61min.mp3,ad_2,3599.680,2026-06-12 08:00:09,14.736,1.0000,0.9950,0.9950
2026-06-12-07-00-10_tmb_srv6-61min__ad_2__t3659.8_conf1.000.mp3,2026-06-12-07-00-10_tmb_srv6-61min.mp3,ad_2,3659.821,2026-06-12 08:01:09,14.576,1.0000,0.9950,0.9840
2026-06-12-07-00-22_yurd_fm_srv6-61min__ad_1__t2798.4_conf1.000.mp3,2026-06-12-07-00-22_yurd_fm_srv6-61min.mp3,ad_1,2798.432,2026-06-12 07:47:00,28.288,1.0000,0.9950,1.0000
2026-06-12-08-00-02_106.3fm_srv6-61min__ad_1__t1665.2_conf1.000.mp3,2026-06-12-08-00-02_106.3fm_srv6-61min.mp3,ad_1,1665.200,2026-06-12 08:27:47,28.240,0.9999,0.9520,0.9980
2026-06-12-08-00-02_106.3fm_srv6-61min__ad_1__t3103.5_conf1.000.mp3,2026-06-12-08-00-02_106.3fm_srv6-61min.mp3,ad_1,3103.456,2026-06-12 08:51:45,28.240,1.0000,0.9610,0.9980
2026-06-12-08-00-02_106.3fm_srv6-61min__ad_3__t3550.8_conf1.000.mp3,2026-06-12-08-00-02_106.3fm_srv6-61min.mp3,ad_3,3550.768,2026-06-12 08:59:12,19.296,1.0000,0.9730,0.9930
2026-06-12-08-00-04_araz_fm_srv6-61min__ad_1__t1201.4_conf1.000.mp3,2026-06-12-08-00-04_araz_fm_srv6-61min.mp3,ad_1,1201.424,2026-06-12 08:20:05,28.256,1.0000,0.9810,0.9990
2026-06-12-08-00-05_asan_radio_srv6-61min__ad_2__t2144.7_conf1.000.mp3,2026-06-12-08-00-05_asan_radio_srv6-61min.mp3,ad_2,2144.736,2026-06-12 08:35:49,14.384,0.9999,0.9620,0.9710
2026-06-12-08-00-07_avto_fm_srv6-61min__ad_1__t2172.7_conf1.000.mp3,2026-06-12-08-00-07_avto_fm_srv6-61min.mp3,ad_1,2172.672,2026-06-12 08:36:19,28.256,1.0000,0.9910,0.9990
2026-06-12-08-00-08_real_fm_srv6-61min__ad_2__t3069.9_conf1.000.mp3,2026-06-12-08-00-08_real_fm_srv6-61min.mp3,ad_2,3069.888,2026-06-12 08:51:17,7.376,0.9996,0.9450,0.9980
2026-06-12-08-00-09_radio_resp_srv6-61min__ad_3__t946.8_conf0.951.mp3,2026-06-12-08-00-09_radio_resp_srv6-61min.mp3,ad_3,946.800,2026-06-12 08:15:55,17.040,0.9506,0.9770,0.8770
2026-06-12-08-00-09_radio_resp_srv6-61min__ad_3__t2826.6_conf0.979.mp3,2026-06-12-08-00-09_radio_resp_srv6-61min.mp3,ad_3,2826.624,2026-06-12 08:47:15,17.680,0.9785,0.9770,0.9100
2026-06-12-08-00-10_tmb_srv6-61min__ad_2__t5.4_conf0.994.mp3,2026-06-12-08-00-10_tmb_srv6-61min.mp3,ad_2,5.408,2026-06-12 08:00:15,14.592,0.9941,0.9950,0.9850
2026-06-12-08-00-10_tmb_srv6-61min__ad_2__t2091.2_conf1.000.mp3,2026-06-12-08-00-10_tmb_srv6-61min.mp3,ad_2,2091.216,2026-06-12 08:35:01,14.432,1.0000,0.9950,0.9740
2026-06-12-08-00-10_tmb_srv6-61min__ad_3__t2984.9_conf0.983.mp3,2026-06-12-08-00-10_tmb_srv6-61min.mp3,ad_3,2984.944,2026-06-12 08:49:54,17.792,0.9834,0.9740,0.9160
2026-06-12-08-00-10_tmb_srv6-61min__ad_2__t3632.4_conf1.000.mp3,2026-06-12-08-00-10_tmb_srv6-61min.mp3,ad_2,3632.448,2026-06-12 09:00:42,14.736,1.0000,0.9950,0.9950
2026-06-12-08-00-13_media_fm_srv6-61min__ad_1__t2741.9_conf1.000.mp3,2026-06-12-08-00-13_media_fm_srv6-61min.mp3,ad_1,2741.920,2026-06-12 08:45:54,28.272,1.0000,0.9910,0.9990
2026-06-12-08-00-16_enerji_fm_srv6-61min__ad_2__t962.1_conf1.000.mp3,2026-06-12-08-00-16_enerji_fm_srv6-61min.mp3,ad_2,962.080,2026-06-12 08:16:18,14.336,1.0000,0.9800,0.9680
2026-06-12-08-00-16_enerji_fm_srv6-61min__ad_3__t1105.6_conf0.705.mp3,2026-06-12-08-00-16_enerji_fm_srv6-61min.mp3,ad_3,1105.600,2026-06-12 08:18:41,18.496,0.7045,0.9580,0.9520
2026-06-12-08-00-16_enerji_fm_srv6-61min__ad_2__t2725.2_conf1.000.mp3,2026-06-12-08-00-16_enerji_fm_srv6-61min.mp3,ad_2,2725.168,2026-06-12 08:45:41,14.752,1.0000,0.9800,0.9960
2026-06-12-08-00-16_enerji_fm_srv6-61min__ad_3__t2819.5_conf0.517.mp3,2026-06-12-08-00-16_enerji_fm_srv6-61min.mp3,ad_3,2819.456,2026-06-12 08:47:15,18.752,0.5165,0.9600,0.9650
2026-06-12-08-00-17_radio_space_fm_srv6-61min__ad_3__t1005.1_conf0.994.mp3,2026-06-12-08-00-17_radio_space_fm_srv6-61min.mp3,ad_3,1005.056,2026-06-12 08:17:02,18.784,0.9935,0.9800,0.9670
2026-06-12-08-00-22_yurd_fm_srv6-61min__ad_2__t921.8_conf1.000.mp3,2026-06-12-08-00-22_yurd_fm_srv6-61min.mp3,ad_2,921.792,2026-06-12 08:15:43,14.704,1.0000,0.9920,0.9920
2026-06-12-08-00-22_yurd_fm_srv6-61min__ad_3__t1214.1_conf1.000.mp3,2026-06-12-08-00-22_yurd_fm_srv6-61min.mp3,ad_3,1214.128,2026-06-12 08:20:36,19.280,1.0000,0.9930,0.9930
2026-06-12-08-00-22_yurd_fm_srv6-61min__ad_2__t2717.4_conf1.000.mp3,2026-06-12-08-00-22_yurd_fm_srv6-61min.mp3,ad_2,2717.392,2026-06-12 08:45:39,14.704,1.0000,0.9930,0.9920
2026-06-12-08-00-22_yurd_fm_srv6-61min__ad_3__t2788.1_conf0.998.mp3,2026-06-12-08-00-22_yurd_fm_srv6-61min.mp3,ad_3,2788.096,2026-06-12 08:46:50,18.224,0.9976,0.9790,0.9380
2026-06-12-08-00-23_xezer_fm_srv6-61min__ad_1__t1461.7_conf1.000.mp3,2026-06-12-08-00-23_xezer_fm_srv6-61min.mp3,ad_1,1461.664,2026-06-12 08:24:44,28.256,0.9999,0.9570,0.9990
2026-06-12-08-00-23_xezer_fm_srv6-61min__ad_1__t1592.4_conf1.000.mp3,2026-06-12-08-00-23_xezer_fm_srv6-61min.mp3,ad_1,1592.400,2026-06-12 08:26:55,28.256,1.0000,0.9660,0.9990
2026-06-12-09-00-02_106.3fm_srv6-61min__ad_1__t1503.3_conf1.000.mp3,2026-06-12-09-00-02_106.3fm_srv6-61min.mp3,ad_1,1503.296,2026-06-12 09:25:05,28.240,0.9999,0.9590,0.9980
2026-06-12-09-00-02_106.3fm_srv6-61min__ad_3__t3465.8_conf0.861.mp3,2026-06-12-09-00-02_106.3fm_srv6-61min.mp3,ad_3,3465.824,2026-06-12 09:57:47,17.296,0.8614,0.9570,0.8900
2026-06-12-09-00-02_106.3fm_srv6-61min__ad_3__t3658.1_conf0.964.mp3,2026-06-12-09-00-02_106.3fm_srv6-61min.mp3,ad_3,3658.071,2026-06-12 10:01:00,8.464,0.9641,0.9680,0.8710
2026-06-12-09-00-04_araz_fm_srv6-61min__ad_1__t3204.2_conf1.000.mp3,2026-06-12-09-00-04_araz_fm_srv6-61min.mp3,ad_1,3204.208,2026-06-12 09:53:28,28.272,1.0000,0.9810,0.9990
2026-06-12-09-00-05_asan_radio_srv6-61min__ad_2__t2185.3_conf1.000.mp3,2026-06-12-09-00-05_asan_radio_srv6-61min.mp3,ad_2,2185.344,2026-06-12 09:36:30,14.384,0.9999,0.9610,0.9710
2026-06-12-09-00-08_real_fm_srv6-61min__ad_2__t2932.6_conf0.999.mp3,2026-06-12-09-00-08_real_fm_srv6-61min.mp3,ad_2,2932.624,2026-06-12 09:49:00,7.376,0.9993,0.9430,0.9980
2026-06-12-09-00-09_radio_resp_srv6-61min__ad_1__t2890.6_conf1.000.mp3,2026-06-12-09-00-09_radio_resp_srv6-61min.mp3,ad_1,2890.576,2026-06-12 09:48:19,28.272,1.0000,0.9900,0.9990
2026-06-12-09-00-10_tmb_srv6-61min__ad_2__t32.6_conf1.000.mp3,2026-06-12-09-00-10_tmb_srv6-61min.mp3,ad_2,32.592,2026-06-12 09:00:42,14.736,1.0000,0.9950,0.9950
2026-06-12-09-00-10_tmb_srv6-61min__ad_3__t1070.0_conf0.982.mp3,2026-06-12-09-00-10_tmb_srv6-61min.mp3,ad_3,1070.000,2026-06-12 09:18:00,18.512,0.9821,0.9710,0.9530
2026-06-12-09-00-10_tmb_srv6-61min__ad_2__t1783.3_conf1.000.mp3,2026-06-12-09-00-10_tmb_srv6-61min.mp3,ad_2,1783.328,2026-06-12 09:29:53,14.816,1.0000,0.9950,1.0000
2026-06-12-09-00-10_tmb_srv6-61min__ad_2__t3641.3_conf1.000.mp3,2026-06-12-09-00-10_tmb_srv6-61min.mp3,ad_2,3641.328,2026-06-12 10:00:51,14.720,1.0000,0.9950,0.9940
2026-06-12-09-00-16_enerji_fm_srv6-61min__ad_2__t962.1_conf1.000.mp3,2026-06-12-09-00-16_enerji_fm_srv6-61min.mp3,ad_2,962.080,2026-06-12 09:16:18,14.816,1.0000,0.9800,1.0000
2026-06-12-09-00-16_enerji_fm_srv6-61min__ad_2__t2987.1_conf1.000.mp3,2026-06-12-09-00-16_enerji_fm_srv6-61min.mp3,ad_2,2987.088,2026-06-12 09:50:03,14.736,1.0000,0.9790,0.9950
2026-06-12-09-00-22_yurd_fm_srv6-61min__ad_2__t927.6_conf1.000.mp3,2026-06-12-09-00-22_yurd_fm_srv6-61min.mp3,ad_2,927.648,2026-06-12 09:15:49,14.800,1.0000,0.9930,0.9990
2026-06-12-09-00-22_yurd_fm_srv6-61min__ad_1__t1125.3_conf1.000.mp3,2026-06-12-09-00-22_yurd_fm_srv6-61min.mp3,ad_1,1125.264,2026-06-12 09:19:07,28.288,1.0000,0.9950,1.0000
2026-06-12-09-00-22_yurd_fm_srv6-61min__ad_2__t2777.8_conf1.000.mp3,2026-06-12-09-00-22_yurd_fm_srv6-61min.mp3,ad_2,2777.760,2026-06-12 09:46:39,14.800,1.0000,0.9930,0.9990
2026-06-12-09-00-23_xezer_fm_srv6-61min__ad_1__t2874.4_conf1.000.mp3,2026-06-12-09-00-23_xezer_fm_srv6-61min.mp3,ad_1,2874.368,2026-06-12 09:48:17,28.256,0.9998,0.9570,0.9990
2026-06-12-10-00-02_106.3fm_srv6-61min__ad_3__t2852.1_conf0.992.mp3,2026-06-12-10-00-02_106.3fm_srv6-61min.mp3,ad_3,2852.064,2026-06-12 10:47:34,9.056,0.9922,0.9610,0.9320
2026-06-12-10-00-05_asan_radio_srv6-61min__ad_2__t2375.9_conf1.000.mp3,2026-06-12-10-00-05_asan_radio_srv6-61min.mp3,ad_2,2375.856,2026-06-12 10:39:40,14.384,0.9998,0.9630,0.9710
2026-06-12-10-00-08_real_fm_srv6-61min__ad_2__t3081.6_conf0.999.mp3,2026-06-12-10-00-08_real_fm_srv6-61min.mp3,ad_2,3081.584,2026-06-12 10:51:29,7.392,0.9995,0.9460,1.0000
2026-06-12-10-00-09_radio_resp_srv6-61min__ad_3__t402.8_conf0.961.mp3,2026-06-12-10-00-09_radio_resp_srv6-61min.mp3,ad_3,402.800,2026-06-12 10:06:51,18.384,0.9613,0.9700,0.9460
2026-06-12-10-00-09_radio_resp_srv6-61min__ad_3__t3386.4_conf0.962.mp3,2026-06-12-10-00-09_radio_resp_srv6-61min.mp3,ad_3,3386.448,2026-06-12 10:56:35,18.752,0.9617,0.9710,0.9650
2026-06-12-10-00-10_tmb_srv6-61min__ad_2__t38.7_conf1.000.mp3,2026-06-12-10-00-10_tmb_srv6-61min.mp3,ad_2,38.688,2026-06-12 10:00:48,14.736,1.0000,0.9950,0.9950
2026-06-12-10-00-10_tmb_srv6-61min__ad_2__t1981.2_conf1.000.mp3,2026-06-12-10-00-10_tmb_srv6-61min.mp3,ad_2,1981.216,2026-06-12 10:33:11,14.800,1.0000,0.9950,0.9990
2026-06-12-10-00-10_tmb_srv6-61min__ad_3__t3093.0_conf0.958.mp3,2026-06-12-10-00-10_tmb_srv6-61min.mp3,ad_3,3092.992,2026-06-12 10:51:42,18.784,0.9581,0.9700,0.9670
2026-06-12-10-00-10_tmb_srv6-61min__ad_2__t3637.5_conf1.000.mp3,2026-06-12-10-00-10_tmb_srv6-61min.mp3,ad_2,3637.504,2026-06-12 11:00:47,14.720,1.0000,0.9950,0.9940
2026-06-12-10-00-13_media_fm_srv6-61min__ad_1__t1073.4_conf1.000.mp3,2026-06-12-10-00-13_media_fm_srv6-61min.mp3,ad_1,1073.392,2026-06-12 10:18:06,28.272,1.0000,0.9910,0.9990
2026-06-12-10-00-16_enerji_fm_srv6-61min__ad_2__t1021.8_conf1.000.mp3,2026-06-12-10-00-16_enerji_fm_srv6-61min.mp3,ad_2,1021.824,2026-06-12 10:17:17,14.736,1.0000,0.9790,0.9950
2026-06-12-10-00-16_enerji_fm_srv6-61min__ad_3__t1200.6_conf1.000.mp3,2026-06-12-10-00-16_enerji_fm_srv6-61min.mp3,ad_3,1200.624,2026-06-12 10:20:16,19.248,0.9999,0.9740,0.9910
2026-06-12-10-00-16_enerji_fm_srv6-61min__ad_2__t2709.3_conf1.000.mp3,2026-06-12-10-00-16_enerji_fm_srv6-61min.mp3,ad_2,2709.312,2026-06-12 10:45:25,14.816,1.0000,0.9800,1.0000
2026-06-12-10-00-16_enerji_fm_srv6-61min__ad_3__t2832.7_conf0.581.mp3,2026-06-12-10-00-16_enerji_fm_srv6-61min.mp3,ad_3,2832.688,2026-06-12 10:47:28,17.008,0.5808,0.9610,0.8760
2026-06-12-10-00-22_yurd_fm_srv6-61min__ad_2__t1108.7_conf1.000.mp3,2026-06-12-10-00-22_yurd_fm_srv6-61min.mp3,ad_2,1108.720,2026-06-12 10:18:50,14.800,1.0000,0.9920,0.9990
2026-06-12-10-00-22_yurd_fm_srv6-61min__ad_3__t1206.7_conf0.996.mp3,2026-06-12-10-00-22_yurd_fm_srv6-61min.mp3,ad_3,1206.720,2026-06-12 10:20:28,18.000,0.9957,0.9780,0.9270
2026-06-12-10-00-22_yurd_fm_srv6-61min__ad_2__t2732.8_conf1.000.mp3,2026-06-12-10-00-22_yurd_fm_srv6-61min.mp3,ad_2,2732.832,2026-06-12 10:45:54,14.800,1.0000,0.9930,0.9990
2026-06-12-10-00-22_yurd_fm_srv6-61min__ad_1__t2822.8_conf1.000.mp3,2026-06-12-10-00-22_yurd_fm_srv6-61min.mp3,ad_1,2822.752,2026-06-12 10:47:24,28.288,1.0000,0.9940,1.0000
2026-06-12-10-00-22_yurd_fm_srv6-61min__ad_3__t2851.2_conf0.990.mp3,2026-06-12-10-00-22_yurd_fm_srv6-61min.mp3,ad_3,2851.184,2026-06-12 10:47:53,18.400,0.9903,0.9760,0.9470
2026-06-12-11-00-02_106.3fm_srv6-61min__ad_3__t3582.5_conf1.000.mp3,2026-06-12-11-00-02_106.3fm_srv6-61min.mp3,ad_3,3582.496,2026-06-12 11:59:44,19.296,1.0000,0.9720,0.9930
2026-06-12-11-00-08_real_fm_srv6-61min__ad_2__t3092.9_conf1.000.mp3,2026-06-12-11-00-08_real_fm_srv6-61min.mp3,ad_2,3092.880,2026-06-12 11:51:40,7.376,0.9996,0.9460,0.9980
2026-06-12-11-00-10_tmb_srv6-61min__ad_2__t40.5_conf1.000.mp3,2026-06-12-11-00-10_tmb_srv6-61min.mp3,ad_2,40.480,2026-06-12 11:00:50,14.736,1.0000,0.9960,0.9950
2026-06-12-11-00-10_tmb_srv6-61min__ad_2__t1927.6_conf1.000.mp3,2026-06-12-11-00-10_tmb_srv6-61min.mp3,ad_2,1927.600,2026-06-12 11:32:17,14.416,1.0000,0.9950,0.9730
2026-06-12-11-00-10_tmb_srv6-61min__ad_2__t3640.8_conf1.000.mp3,2026-06-12-11-00-10_tmb_srv6-61min.mp3,ad_2,3640.800,2026-06-12 12:00:50,14.720,1.0000,0.9950,0.9940
2026-06-12-11-00-13_media_fm_srv6-61min__ad_1__t3112.2_conf1.000.mp3,2026-06-12-11-00-13_media_fm_srv6-61min.mp3,ad_1,3112.224,2026-06-12 11:52:05,28.288,1.0000,0.9910,1.0000
2026-06-12-11-00-16_enerji_fm_srv6-61min__ad_2__t1026.8_conf1.000.mp3,2026-06-12-11-00-16_enerji_fm_srv6-61min.mp3,ad_2,1026.848,2026-06-12 11:17:22,14.736,1.0000,0.9800,0.9950
2026-06-12-11-00-16_enerji_fm_srv6-61min__ad_2__t2756.2_conf1.000.mp3,2026-06-12-11-00-16_enerji_fm_srv6-61min.mp3,ad_2,2756.160,2026-06-12 11:46:12,14.736,1.0000,0.9800,0.9950
2026-06-12-11-00-22_yurd_fm_srv6-61min__ad_2__t925.2_conf1.000.mp3,2026-06-12-11-00-22_yurd_fm_srv6-61min.mp3,ad_2,925.200,2026-06-12 11:15:47,14.800,1.0000,0.9930,0.9990
2026-06-12-11-00-22_yurd_fm_srv6-61min__ad_2__t2717.6_conf1.000.mp3,2026-06-12-11-00-22_yurd_fm_srv6-61min.mp3,ad_2,2717.600,2026-06-12 11:45:39,14.800,1.0000,0.9930,0.9990
2026-06-12-12-00-02_106.3fm_srv6-61min__ad_3__t3138.8_conf0.965.mp3,2026-06-12-12-00-02_106.3fm_srv6-61min.mp3,ad_3,3138.800,2026-06-12 12:52:20,17.968,0.9650,0.9600,0.9250
2026-06-12-12-00-04_araz_fm_srv6-61min__ad_1__t1858.3_conf1.000.mp3,2026-06-12-12-00-04_araz_fm_srv6-61min.mp3,ad_1,1858.320,2026-06-12 12:31:02,28.272,1.0000,0.9860,0.9990
2026-06-12-12-00-05_asan_radio_srv6-61min__ad_1__t2008.4_conf0.999.mp3,2026-06-12-12-00-05_asan_radio_srv6-61min.mp3,ad_1,2008.432,2026-06-12 12:33:33,28.272,0.9991,0.9500,0.9990
2026-06-12-12-00-05_asan_radio_srv6-61min__ad_2__t2134.3_conf1.000.mp3,2026-06-12-12-00-05_asan_radio_srv6-61min.mp3,ad_2,2134.272,2026-06-12 12:35:39,14.400,0.9999,0.9630,0.9720
2026-06-12-12-00-08_real_fm_srv6-61min__ad_2__t3065.7_conf0.998.mp3,2026-06-12-12-00-08_real_fm_srv6-61min.mp3,ad_2,3065.696,2026-06-12 12:51:13,7.376,0.9983,0.9440,0.9980
2026-06-12-12-00-09_radio_resp_srv6-61min__ad_3__t951.1_conf1.000.mp3,2026-06-12-12-00-09_radio_resp_srv6-61min.mp3,ad_3,951.072,2026-06-12 12:16:00,19.408,1.0000,0.9900,0.9990
2026-06-12-12-00-09_radio_resp_srv6-61min__ad_3__t2477.8_conf0.939.mp3,2026-06-12-12-00-09_radio_resp_srv6-61min.mp3,ad_3,2477.792,2026-06-12 12:41:26,17.040,0.9391,0.9730,0.8770
2026-06-12-12-00-09_radio_resp_srv6-61min__ad_3__t3605.0_conf0.964.mp3,2026-06-12-12-00-09_radio_resp_srv6-61min.mp3,ad_3,3605.040,2026-06-12 13:00:14,17.760,0.9639,0.9730,0.9140
2026-06-12-12-00-10_tmb_srv6-61min__ad_2__t40.9_conf1.000.mp3,2026-06-12-12-00-10_tmb_srv6-61min.mp3,ad_2,40.944,2026-06-12 12:00:50,14.720,1.0000,0.9950,0.9940
2026-06-12-12-00-10_tmb_srv6-61min__ad_3__t1167.3_conf0.973.mp3,2026-06-12-12-00-10_tmb_srv6-61min.mp3,ad_3,1167.264,2026-06-12 12:19:37,17.808,0.9731,0.9730,0.9170
2026-06-12-12-00-10_tmb_srv6-61min__ad_2__t1711.2_conf1.000.mp3,2026-06-12-12-00-10_tmb_srv6-61min.mp3,ad_2,1711.184,2026-06-12 12:28:41,14.800,1.0000,0.9950,0.9990
2026-06-12-12-00-10_tmb_srv6-61min__ad_3__t2877.6_conf0.982.mp3,2026-06-12-12-00-10_tmb_srv6-61min.mp3,ad_3,2877.568,2026-06-12 12:48:07,18.544,0.9816,0.9710,0.9550
2026-06-12-12-00-10_tmb_srv6-61min__ad_2__t3641.7_conf1.000.mp3,2026-06-12-12-00-10_tmb_srv6-61min.mp3,ad_2,3641.680,2026-06-12 13:00:51,14.736,1.0000,0.9950,0.9950
2026-06-12-12-00-16_enerji_fm_srv6-61min__ad_2__t993.9_conf1.000.mp3,2026-06-12-12-00-16_enerji_fm_srv6-61min.mp3,ad_2,993.888,2026-06-12 12:16:49,14.464,1.0000,0.9800,0.9760
2026-06-12-12-00-16_enerji_fm_srv6-61min__ad_3__t1063.1_conf0.861.mp3,2026-06-12-12-00-16_enerji_fm_srv6-61min.mp3,ad_3,1063.088,2026-06-12 12:17:59,18.336,0.8614,0.9600,0.9440
2026-06-12-12-00-16_enerji_fm_srv6-61min__ad_2__t2745.3_conf1.000.mp3,2026-06-12-12-00-16_enerji_fm_srv6-61min.mp3,ad_2,2745.264,2026-06-12 12:46:01,14.752,1.0000,0.9800,0.9960
2026-06-12-12-00-16_enerji_fm_srv6-61min__ad_3__t2834.7_conf0.808.mp3,2026-06-12-12-00-16_enerji_fm_srv6-61min.mp3,ad_3,2834.672,2026-06-12 12:47:30,18.528,0.8084,0.9570,0.9540
2026-06-12-12-00-17_radio_space_fm_srv6-61min__ad_3__t1007.4_conf0.994.mp3,2026-06-12-12-00-17_radio_space_fm_srv6-61min.mp3,ad_3,1007.440,2026-06-12 12:17:04,17.968,0.9940,0.9840,0.9250
2026-06-12-12-00-17_radio_space_fm_srv6-61min__ad_3__t1125.5_conf0.982.mp3,2026-06-12-12-00-17_radio_space_fm_srv6-61min.mp3,ad_3,1125.536,2026-06-12 12:19:02,17.056,0.9820,0.9840,0.8780
2026-06-12-12-00-17_radio_space_fm_srv6-61min__ad_3__t2233.3_conf0.992.mp3,2026-06-12-12-00-17_radio_space_fm_srv6-61min.mp3,ad_3,2233.296,2026-06-12 12:37:30,18.752,0.9917,0.9780,0.9650
2026-06-12-12-00-22_yurd_fm_srv6-61min__ad_2__t985.5_conf1.000.mp3,2026-06-12-12-00-22_yurd_fm_srv6-61min.mp3,ad_2,985.456,2026-06-12 12:16:47,14.720,1.0000,0.9920,0.9940
2026-06-12-12-00-22_yurd_fm_srv6-61min__ad_3__t1156.2_conf0.983.mp3,2026-06-12-12-00-22_yurd_fm_srv6-61min.mp3,ad_3,1156.160,2026-06-12 12:19:38,18.880,0.9827,0.9740,0.9720
2026-06-12-12-00-22_yurd_fm_srv6-61min__ad_2__t2731.7_conf1.000.mp3,2026-06-12-12-00-22_yurd_fm_srv6-61min.mp3,ad_2,2731.680,2026-06-12 12:45:53,14.704,1.0000,0.9920,0.9920
2026-06-12-12-00-22_yurd_fm_srv6-61min__ad_3__t2766.3_conf1.000.mp3,2026-06-12-12-00-22_yurd_fm_srv6-61min.mp3,ad_3,2766.336,2026-06-12 12:46:28,19.296,1.0000,0.9930,0.9930
2026-06-12-12-00-23_xezer_fm_srv6-61min__ad_1__t1099.1_conf1.000.mp3,2026-06-12-12-00-23_xezer_fm_srv6-61min.mp3,ad_1,1099.072,2026-06-12 12:18:42,28.256,0.9999,0.9600,0.9990
2026-06-12-13-00-02_106.3fm_srv6-61min__ad_1__t1217.7_conf1.000.mp3,2026-06-12-13-00-02_106.3fm_srv6-61min.mp3,ad_1,1217.744,2026-06-12 13:20:19,28.256,0.9998,0.9590,0.9990
2026-06-12-13-00-02_106.3fm_srv6-61min__ad_3__t3186.5_conf0.793.mp3,2026-06-12-13-00-02_106.3fm_srv6-61min.mp3,ad_3,3186.544,2026-06-12 13:53:08,18.736,0.7929,0.9540,0.9650
2026-06-12-13-00-02_106.3fm_srv6-61min__ad_3__t3592.6_conf0.989.mp3,2026-06-12-13-00-02_106.3fm_srv6-61min.mp3,ad_3,3592.592,2026-06-12 13:59:54,8.848,0.9890,0.9610,0.9110
2026-06-12-13-00-04_araz_fm_srv6-61min__ad_1__t1663.6_conf1.000.mp3,2026-06-12-13-00-04_araz_fm_srv6-61min.mp3,ad_1,1663.616,2026-06-12 13:27:47,28.272,1.0000,0.9860,0.9990
2026-06-12-13-00-05_asan_radio_srv6-61min__ad_2__t2004.5_conf1.000.mp3,2026-06-12-13-00-05_asan_radio_srv6-61min.mp3,ad_2,2004.464,2026-06-12 13:33:29,14.384,0.9999,0.9620,0.9710
2026-06-12-13-00-08_real_fm_srv6-61min__ad_2__t3052.8_conf1.000.mp3,2026-06-12-13-00-08_real_fm_srv6-61min.mp3,ad_2,3052.784,2026-06-12 13:51:00,7.376,0.9995,0.9450,0.9980
2026-06-12-13-00-09_radio_resp_srv6-61min__ad_3__t5.2_conf0.972.mp3,2026-06-12-13-00-09_radio_resp_srv6-61min.mp3,ad_3,5.184,2026-06-12 13:00:14,17.712,0.9724,0.9730,0.9120
2026-06-12-13-00-09_radio_resp_srv6-61min__ad_1__t3330.5_conf1.000.mp3,2026-06-12-13-00-09_radio_resp_srv6-61min.mp3,ad_1,3330.496,2026-06-12 13:55:39,28.256,1.0000,0.9880,0.9990
2026-06-12-13-00-09_radio_resp_srv6-61min__ad_3__t3417.1_conf0.971.mp3,2026-06-12-13-00-09_radio_resp_srv6-61min.mp3,ad_3,3417.056,2026-06-12 13:57:06,18.400,0.9714,0.9700,0.9470
2026-06-12-13-00-10_tmb_srv6-61min__ad_2__t39.0_conf1.000.mp3,2026-06-12-13-00-10_tmb_srv6-61min.mp3,ad_2,38.992,2026-06-12 13:00:48,14.720,1.0000,0.9950,0.9940
2026-06-12-13-00-10_tmb_srv6-61min__ad_3__t1239.0_conf0.980.mp3,2026-06-12-13-00-10_tmb_srv6-61min.mp3,ad_3,1238.992,2026-06-12 13:20:48,17.744,0.9801,0.9730,0.9140
2026-06-12-13-00-10_tmb_srv6-61min__ad_2__t1939.0_conf1.000.mp3,2026-06-12-13-00-10_tmb_srv6-61min.mp3,ad_2,1939.008,2026-06-12 13:32:29,14.816,1.0000,0.9950,1.0000
2026-06-12-13-00-10_tmb_srv6-61min__ad_3__t3076.3_conf0.974.mp3,2026-06-12-13-00-10_tmb_srv6-61min.mp3,ad_3,3076.272,2026-06-12 13:51:26,18.544,0.9739,0.9720,0.9550
2026-06-12-13-00-10_tmb_srv6-61min__ad_2__t3511.9_conf1.000.mp3,2026-06-12-13-00-10_tmb_srv6-61min.mp3,ad_2,3511.888,2026-06-12 13:58:41,14.720,1.0000,0.9950,0.9940
2026-06-12-13-00-13_media_fm_srv6-61min__ad_1__t2923.5_conf1.000.mp3,2026-06-12-13-00-13_media_fm_srv6-61min.mp3,ad_1,2923.520,2026-06-12 13:48:56,28.272,1.0000,0.9910,0.9990
2026-06-12-13-00-16_enerji_fm_srv6-61min__ad_2__t1054.7_conf1.000.mp3,2026-06-12-13-00-16_enerji_fm_srv6-61min.mp3,ad_2,1054.704,2026-06-12 13:17:50,14.736,1.0000,0.9790,0.9950
2026-06-12-13-00-16_enerji_fm_srv6-61min__ad_3__t1090.5_conf0.649.mp3,2026-06-12-13-00-16_enerji_fm_srv6-61min.mp3,ad_3,1090.528,2026-06-12 13:18:26,18.768,0.6490,0.9590,0.9660
2026-06-12-13-00-16_enerji_fm_srv6-61min__ad_2__t2783.0_conf1.000.mp3,2026-06-12-13-00-16_enerji_fm_srv6-61min.mp3,ad_2,2782.992,2026-06-12 13:46:38,14.752,1.0000,0.9800,0.9960
2026-06-12-13-00-16_enerji_fm_srv6-61min__ad_3__t2897.6_conf1.000.mp3,2026-06-12-13-00-16_enerji_fm_srv6-61min.mp3,ad_3,2897.584,2026-06-12 13:48:33,19.136,0.9999,0.9740,0.9850
2026-06-12-13-00-22_yurd_fm_srv6-61min__ad_2__t1063.0_conf1.000.mp3,2026-06-12-13-00-22_yurd_fm_srv6-61min.mp3,ad_2,1063.024,2026-06-12 13:18:05,14.800,1.0000,0.9920,0.9990
2026-06-12-13-00-22_yurd_fm_srv6-61min__ad_1__t1130.4_conf1.000.mp3,2026-06-12-13-00-22_yurd_fm_srv6-61min.mp3,ad_1,1130.448,2026-06-12 13:19:12,28.288,1.0000,0.9940,1.0000
2026-06-12-13-00-22_yurd_fm_srv6-61min__ad_3__t1267.0_conf0.996.mp3,2026-06-12-13-00-22_yurd_fm_srv6-61min.mp3,ad_3,1267.024,2026-06-12 13:21:29,18.224,0.9959,0.9780,0.9380
2026-06-12-13-00-22_yurd_fm_srv6-61min__ad_2__t2731.2_conf1.000.mp3,2026-06-12-13-00-22_yurd_fm_srv6-61min.mp3,ad_2,2731.232,2026-06-12 13:45:53,14.816,1.0000,0.9920,1.0000
2026-06-12-13-00-22_yurd_fm_srv6-61min__ad_3__t2922.4_conf0.993.mp3,2026-06-12-13-00-22_yurd_fm_srv6-61min.mp3,ad_3,2922.448,2026-06-12 13:49:04,18.000,0.9931,0.9780,0.9270
2026-06-12-13-00-23_xezer_fm_srv6-61min__ad_1__t1282.6_conf1.000.mp3,2026-06-12-13-00-23_xezer_fm_srv6-61min.mp3,ad_1,1282.592,2026-06-12 13:21:45,28.256,0.9999,0.9590,0.9990
2026-06-12-14-00-02_106.3fm_srv6-61min__ad_3__t2759.5_conf1.000.mp3,2026-06-12-14-00-02_106.3fm_srv6-61min.mp3,ad_3,2759.504,2026-06-12 14:46:01,19.312,0.9999,0.9640,0.9940
2026-06-12-14-00-04_araz_fm_srv6-61min__ad_1__t1138.8_conf1.000.mp3,2026-06-12-14-00-04_araz_fm_srv6-61min.mp3,ad_1,1138.752,2026-06-12 14:19:02,28.272,1.0000,0.9710,0.9990
2026-06-12-14-00-07_avto_fm_srv6-61min__ad_1__t2096.9_conf1.000.mp3,2026-06-12-14-00-07_avto_fm_srv6-61min.mp3,ad_1,2096.912,2026-06-12 14:35:03,28.272,1.0000,0.9910,0.9990
2026-06-12-14-00-08_real_fm_srv6-61min__ad_2__t3027.8_conf1.000.mp3,2026-06-12-14-00-08_real_fm_srv6-61min.mp3,ad_2,3027.776,2026-06-12 14:50:35,7.392,0.9996,0.9470,1.0000
2026-06-12-14-00-10_tmb_srv6-61min__ad_3__t1156.3_conf0.939.mp3,2026-06-12-14-00-10_tmb_srv6-61min.mp3,ad_3,1156.256,2026-06-12 14:19:26,18.752,0.9394,0.9690,0.9650
2026-06-12-14-00-10_tmb_srv6-61min__ad_2__t1941.7_conf1.000.mp3,2026-06-12-14-00-10_tmb_srv6-61min.mp3,ad_2,1941.696,2026-06-12 14:32:31,14.816,1.0000,0.9950,1.0000
2026-06-12-14-00-10_tmb_srv6-61min__ad_2__t3638.3_conf1.000.mp3,2026-06-12-14-00-10_tmb_srv6-61min.mp3,ad_2,3638.256,2026-06-12 15:00:48,14.720,1.0000,0.9950,0.9940
2026-06-12-14-00-16_enerji_fm_srv6-61min__ad_2__t1053.6_conf1.000.mp3,2026-06-12-14-00-16_enerji_fm_srv6-61min.mp3,ad_2,1053.616,2026-06-12 14:17:49,14.736,1.0000,0.9790,0.9950
2026-06-12-14-00-16_enerji_fm_srv6-61min__ad_2__t2747.9_conf0.894.mp3,2026-06-12-14-00-16_enerji_fm_srv6-61min.mp3,ad_2,2747.920,2026-06-12 14:46:03,11.728,0.8943,0.9710,0.7880
2026-06-12-14-00-17_radio_space_fm_srv6-61min__ad_3__t1016.4_conf1.000.mp3,2026-06-12-14-00-17_radio_space_fm_srv6-61min.mp3,ad_3,1016.384,2026-06-12 14:17:13,19.136,1.0000,0.9950,0.9850
2026-06-12-14-00-22_yurd_fm_srv6-61min__ad_2__t1001.5_conf1.000.mp3,2026-06-12-14-00-22_yurd_fm_srv6-61min.mp3,ad_2,1001.504,2026-06-12 14:17:03,14.800,1.0000,0.9930,0.9990
2026-06-12-14-00-22_yurd_fm_srv6-61min__ad_2__t3039.4_conf1.000.mp3,2026-06-12-14-00-22_yurd_fm_srv6-61min.mp3,ad_2,3039.424,2026-06-12 14:51:01,14.800,1.0000,0.9920,0.9990
2026-06-12-14-00-22_yurd_fm_srv6-61min__ad_1__t3082.5_conf1.000.mp3,2026-06-12-14-00-22_yurd_fm_srv6-61min.mp3,ad_1,3082.528,2026-06-12 14:51:44,28.288,1.0000,0.9950,1.0000
2026-06-12-14-00-23_xezer_fm_srv6-61min__ad_1__t1357.2_conf1.000.mp3,2026-06-12-14-00-23_xezer_fm_srv6-61min.mp3,ad_1,1357.168,2026-06-12 14:23:00,28.256,0.9999,0.9600,0.9990
2026-06-12-15-00-08_real_fm_srv6-61min__ad_2__t3055.9_conf1.000.mp3,2026-06-12-15-00-08_real_fm_srv6-61min.mp3,ad_2,3055.872,2026-06-12 15:51:03,7.376,0.9996,0.9470,0.9980
2026-06-12-15-00-09_radio_resp_srv6-61min__ad_1__t2645.3_conf1.000.mp3,2026-06-12-15-00-09_radio_resp_srv6-61min.mp3,ad_1,2645.280,2026-06-12 15:44:14,28.256,1.0000,0.9880,0.9990
2026-06-12-15-00-10_tmb_srv6-61min__ad_2__t38.4_conf1.000.mp3,2026-06-12-15-00-10_tmb_srv6-61min.mp3,ad_2,38.400,2026-06-12 15:00:48,14.720,1.0000,0.9950,0.9940
2026-06-12-15-00-10_tmb_srv6-61min__ad_2__t2095.7_conf1.000.mp3,2026-06-12-15-00-10_tmb_srv6-61min.mp3,ad_2,2095.696,2026-06-12 15:35:05,14.720,1.0000,0.9950,0.9940
2026-06-12-15-00-10_tmb_srv6-61min__ad_3__t2855.5_conf0.997.mp3,2026-06-12-15-00-10_tmb_srv6-61min.mp3,ad_3,2855.456,2026-06-12 15:47:45,17.168,0.9965,0.9750,0.8840
2026-06-12-15-00-10_tmb_srv6-61min__ad_2__t3639.2_conf1.000.mp3,2026-06-12-15-00-10_tmb_srv6-61min.mp3,ad_2,3639.152,2026-06-12 16:00:49,14.736,1.0000,0.9950,0.9950
2026-06-12-15-00-16_enerji_fm_srv6-61min__ad_2__t1027.8_conf1.000.mp3,2026-06-12-15-00-16_enerji_fm_srv6-61min.mp3,ad_2,1027.760,2026-06-12 15:17:23,14.816,1.0000,0.9790,1.0000
2026-06-12-15-00-16_enerji_fm_srv6-61min__ad_2__t2727.3_conf1.000.mp3,2026-06-12-15-00-16_enerji_fm_srv6-61min.mp3,ad_2,2727.344,2026-06-12 15:45:43,14.752,1.0000,0.9800,0.9960
2026-06-12-15-00-22_yurd_fm_srv6-61min__ad_2__t1059.9_conf1.000.mp3,2026-06-12-15-00-22_yurd_fm_srv6-61min.mp3,ad_2,1059.872,2026-06-12 15:18:01,14.704,1.0000,0.9920,0.9920
2026-06-12-15-00-22_yurd_fm_srv6-61min__ad_2__t2895.1_conf1.000.mp3,2026-06-12-15-00-22_yurd_fm_srv6-61min.mp3,ad_2,2895.104,2026-06-12 15:48:37,14.800,1.0000,0.9920,0.9990
2026-06-12-16-00-03_106.3fm_srv6-61min__ad_3__t2630.9_conf0.996.mp3,2026-06-12-16-00-03_106.3fm_srv6-61min.mp3,ad_3,2630.912,2026-06-12 16:43:53,9.120,0.9957,0.9610,0.9390
2026-06-12-16-00-06_asan_radio_srv6-61min__ad_2__t2181.8_conf1.000.mp3,2026-06-12-16-00-06_asan_radio_srv6-61min.mp3,ad_2,2181.840,2026-06-12 16:36:27,14.384,0.9999,0.9620,0.9710
2026-06-12-16-00-09_real_fm_srv6-61min__ad_2__t2977.5_conf0.999.mp3,2026-06-12-16-00-09_real_fm_srv6-61min.mp3,ad_2,2977.456,2026-06-12 16:49:46,7.392,0.9992,0.9430,1.0000
2026-06-12-16-00-10_radio_resp_srv6-61min__ad_1__t474.9_conf1.000.mp3,2026-06-12-16-00-10_radio_resp_srv6-61min.mp3,ad_1,474.864,2026-06-12 16:08:04,28.256,1.0000,0.9880,0.9990
2026-06-12-16-00-10_radio_resp_srv6-61min__ad_3__t533.4_conf0.962.mp3,2026-06-12-16-00-10_radio_resp_srv6-61min.mp3,ad_3,533.408,2026-06-12 16:09:03,18.752,0.9622,0.9710,0.9650
2026-06-12-16-00-10_radio_resp_srv6-61min__ad_3__t2763.5_conf1.000.mp3,2026-06-12-16-00-10_radio_resp_srv6-61min.mp3,ad_3,2763.536,2026-06-12 16:46:13,19.280,1.0000,0.9890,0.9930
2026-06-12-16-00-11_tmb_srv6-61min__ad_2__t39.3_conf1.000.mp3,2026-06-12-16-00-11_tmb_srv6-61min.mp3,ad_2,39.296,2026-06-12 16:00:50,14.736,1.0000,0.9950,0.9950
2026-06-12-16-00-11_tmb_srv6-61min__ad_3__t597.8_conf0.981.mp3,2026-06-12-16-00-11_tmb_srv6-61min.mp3,ad_3,597.776,2026-06-12 16:10:08,17.792,0.9811,0.9740,0.9160
2026-06-12-16-00-11_tmb_srv6-61min__ad_2__t3638.1_conf1.000.mp3,2026-06-12-16-00-11_tmb_srv6-61min.mp3,ad_2,3638.128,2026-06-12 17:00:49,14.736,1.0000,0.9960,0.9950
2026-06-12-16-00-14_media_fm_srv6-61min__ad_1__t2969.5_conf1.000.mp3,2026-06-12-16-00-14_media_fm_srv6-61min.mp3,ad_1,2969.472,2026-06-12 16:49:43,28.272,1.0000,0.9910,0.9990
2026-06-12-16-00-17_enerji_fm_srv6-61min__ad_2__t1103.2_conf1.000.mp3,2026-06-12-16-00-17_enerji_fm_srv6-61min.mp3,ad_2,1103.216,2026-06-12 16:18:40,14.384,1.0000,0.9790,0.9710
2026-06-12-16-00-17_enerji_fm_srv6-61min__ad_3__t1208.0_conf0.902.mp3,2026-06-12-16-00-17_enerji_fm_srv6-61min.mp3,ad_3,1207.984,2026-06-12 16:20:24,18.032,0.9021,0.9610,0.9280
2026-06-12-16-00-17_enerji_fm_srv6-61min__ad_2__t2859.2_conf1.000.mp3,2026-06-12-16-00-17_enerji_fm_srv6-61min.mp3,ad_2,2859.216,2026-06-12 16:47:56,14.816,1.0000,0.9800,1.0000
2026-06-12-16-00-17_enerji_fm_srv6-61min__ad_3__t2974.7_conf0.644.mp3,2026-06-12-16-00-17_enerji_fm_srv6-61min.mp3,ad_3,2974.736,2026-06-12 16:49:51,17.744,0.6444,0.9600,0.9140
2026-06-12-16-00-18_radio_space_fm_srv6-61min__ad_3__t2870.7_conf0.999.mp3,2026-06-12-16-00-18_radio_space_fm_srv6-61min.mp3,ad_3,2870.720,2026-06-12 16:48:08,17.920,0.9989,0.9840,0.9230
2026-06-12-16-00-23_yurd_fm_srv6-61min__ad_2__t1222.3_conf1.000.mp3,2026-06-12-16-00-23_yurd_fm_srv6-61min.mp3,ad_2,1222.256,2026-06-12 16:20:45,14.816,1.0000,0.9930,1.0000
2026-06-12-16-00-23_yurd_fm_srv6-61min__ad_3__t1446.8_conf0.988.mp3,2026-06-12-16-00-23_yurd_fm_srv6-61min.mp3,ad_3,1446.816,2026-06-12 16:24:29,18.400,0.9880,0.9770,0.9470
2026-06-12-16-00-23_yurd_fm_srv6-61min__ad_2__t2901.0_conf1.000.mp3,2026-06-12-16-00-23_yurd_fm_srv6-61min.mp3,ad_2,2900.976,2026-06-12 16:48:43,14.800,1.0000,0.9930,0.9990
2026-06-12-16-00-23_yurd_fm_srv6-61min__ad_1__t2915.9_conf1.000.mp3,2026-06-12-16-00-23_yurd_fm_srv6-61min.mp3,ad_1,2915.888,2026-06-12 16:48:58,28.272,1.0000,0.9950,0.9990
2026-06-12-16-00-23_yurd_fm_srv6-61min__ad_3__t3038.5_conf0.982.mp3,2026-06-12-16-00-23_yurd_fm_srv6-61min.mp3,ad_3,3038.512,2026-06-12 16:51:01,18.832,0.9819,0.9740,0.9700
2026-06-12-17-00-02_106.3fm_srv6-61min__ad_1__t1580.1_conf1.000.mp3,2026-06-12-17-00-02_106.3fm_srv6-61min.mp3,ad_1,1580.064,2026-06-12 17:26:22,28.256,1.0000,0.9650,0.9990
2026-06-12-17-00-02_106.3fm_srv6-61min__ad_3__t1608.4_conf1.000.mp3,2026-06-12-17-00-02_106.3fm_srv6-61min.mp3,ad_3,1608.432,2026-06-12 17:26:50,19.312,1.0000,0.9730,0.9940
2026-06-12-17-00-04_araz_fm_srv6-61min__ad_1__t1125.3_conf1.000.mp3,2026-06-12-17-00-04_araz_fm_srv6-61min.mp3,ad_1,1125.280,2026-06-12 17:18:49,28.272,1.0000,0.9850,0.9990
2026-06-12-17-00-04_araz_fm_srv6-61min__ad_1__t2740.3_conf1.000.mp3,2026-06-12-17-00-04_araz_fm_srv6-61min.mp3,ad_1,2740.320,2026-06-12 17:45:44,28.256,0.9997,0.9510,0.9990
2026-06-12-17-00-05_asan_radio_srv6-61min__ad_2__t2182.3_conf1.000.mp3,2026-06-12-17-00-05_asan_radio_srv6-61min.mp3,ad_2,2182.320,2026-06-12 17:36:27,14.384,0.9998,0.9620,0.9710
2026-06-12-17-00-08_real_fm_srv6-61min__ad_2__t3042.4_conf0.999.mp3,2026-06-12-17-00-08_real_fm_srv6-61min.mp3,ad_2,3042.432,2026-06-12 17:50:50,7.376,0.9994,0.9470,0.9980
2026-06-12-17-00-09_radio_resp_srv6-61min__ad_1__t854.4_conf1.000.mp3,2026-06-12-17-00-09_radio_resp_srv6-61min.mp3,ad_1,854.400,2026-06-12 17:14:23,28.256,1.0000,0.9880,0.9990
2026-06-12-17-00-09_radio_resp_srv6-61min__ad_3__t936.4_conf0.862.mp3,2026-06-12-17-00-09_radio_resp_srv6-61min.mp3,ad_3,936.368,2026-06-12 17:15:45,17.056,0.8621,0.9740,0.8780
2026-06-12-17-00-09_radio_resp_srv6-61min__ad_3__t3450.0_conf0.972.mp3,2026-06-12-17-00-09_radio_resp_srv6-61min.mp3,ad_3,3449.984,2026-06-12 17:57:38,17.760,0.9725,0.9720,0.9140
2026-06-12-17-00-10_tmb_srv6-61min__ad_2__t38.3_conf1.000.mp3,2026-06-12-17-00-10_tmb_srv6-61min.mp3,ad_2,38.272,2026-06-12 17:00:48,14.736,1.0000,0.9960,0.9950
2026-06-12-17-00-10_tmb_srv6-61min__ad_3__t1227.1_conf0.987.mp3,2026-06-12-17-00-10_tmb_srv6-61min.mp3,ad_3,1227.056,2026-06-12 17:20:37,17.808,0.9871,0.9750,0.9170
2026-06-12-17-00-10_tmb_srv6-61min__ad_2__t1994.0_conf1.000.mp3,2026-06-12-17-00-10_tmb_srv6-61min.mp3,ad_2,1994.016,2026-06-12 17:33:24,14.800,1.0000,0.9950,0.9990
2026-06-12-17-00-10_tmb_srv6-61min__ad_2__t3638.6_conf1.000.mp3,2026-06-12-17-00-10_tmb_srv6-61min.mp3,ad_2,3638.608,2026-06-12 18:00:48,14.736,1.0000,0.9950,0.9950
2026-06-12-17-00-16_enerji_fm_srv6-61min__ad_2__t934.8_conf1.000.mp3,2026-06-12-17-00-16_enerji_fm_srv6-61min.mp3,ad_2,934.768,2026-06-12 17:15:50,14.736,1.0000,0.9790,0.9950
2026-06-12-17-00-16_enerji_fm_srv6-61min__ad_3__t1009.7_conf0.683.mp3,2026-06-12-17-00-16_enerji_fm_srv6-61min.mp3,ad_3,1009.728,2026-06-12 17:17:05,18.496,0.6832,0.9570,0.9520
2026-06-12-17-00-16_enerji_fm_srv6-61min__ad_2__t3001.3_conf1.000.mp3,2026-06-12-17-00-16_enerji_fm_srv6-61min.mp3,ad_2,3001.344,2026-06-12 17:50:17,14.816,1.0000,0.9800,1.0000
2026-06-12-17-00-16_enerji_fm_srv6-61min__ad_3__t3088.0_conf0.667.mp3,2026-06-12-17-00-16_enerji_fm_srv6-61min.mp3,ad_3,3087.952,2026-06-12 17:51:43,18.768,0.6675,0.9600,0.9660
2026-06-12-17-00-17_radio_space_fm_srv6-61min__ad_3__t1423.1_conf0.995.mp3,2026-06-12-17-00-17_radio_space_fm_srv6-61min.mp3,ad_3,1423.056,2026-06-12 17:24:00,17.872,0.9946,0.9840,0.9200
2026-06-12-17-00-17_radio_space_fm_srv6-61min__ad_3__t2988.8_conf0.995.mp3,2026-06-12-17-00-17_radio_space_fm_srv6-61min.mp3,ad_3,2988.768,2026-06-12 17:50:05,18.832,0.9954,0.9800,0.9700
2026-06-12-17-00-22_yurd_fm_srv6-61min__ad_2__t1146.5_conf1.000.mp3,2026-06-12-17-00-22_yurd_fm_srv6-61min.mp3,ad_2,1146.528,2026-06-12 17:19:28,14.800,1.0000,0.9930,0.9990
2026-06-12-17-00-22_yurd_fm_srv6-61min__ad_3__t1284.7_conf1.000.mp3,2026-06-12-17-00-22_yurd_fm_srv6-61min.mp3,ad_3,1284.672,2026-06-12 17:21:46,19.408,1.0000,0.9940,0.9990
2026-06-12-17-00-22_yurd_fm_srv6-61min__ad_2__t2771.6_conf1.000.mp3,2026-06-12-17-00-22_yurd_fm_srv6-61min.mp3,ad_2,2771.552,2026-06-12 17:46:33,14.704,1.0000,0.9920,0.9920
2026-06-12-17-00-22_yurd_fm_srv6-61min__ad_3__t2809.3_conf0.997.mp3,2026-06-12-17-00-22_yurd_fm_srv6-61min.mp3,ad_3,2809.344,2026-06-12 17:47:11,18.224,0.9965,0.9790,0.9380
2026-06-12-17-00-23_xezer_fm_srv6-61min__ad_1__t1878.1_conf1.000.mp3,2026-06-12-17-00-23_xezer_fm_srv6-61min.mp3,ad_1,1878.064,2026-06-12 17:31:41,28.272,1.0000,0.9680,0.9990
2026-06-12-17-00-23_xezer_fm_srv6-61min__ad_1__t3083.3_conf1.000.mp3,2026-06-12-17-00-23_xezer_fm_srv6-61min.mp3,ad_1,3083.296,2026-06-12 17:51:46,28.256,0.9999,0.9610,0.9990
2026-06-12-18-00-02_106.3fm_srv6-61min__ad_3__t3440.9_conf0.974.mp3,2026-06-12-18-00-02_106.3fm_srv6-61min.mp3,ad_3,3440.864,2026-06-12 18:57:22,18.704,0.9744,0.9610,0.9630
2026-06-12-18-00-04_araz_fm_srv6-61min__ad_1__t2873.9_conf1.000.mp3,2026-06-12-18-00-04_araz_fm_srv6-61min.mp3,ad_1,2873.920,2026-06-12 18:47:57,28.256,1.0000,0.9760,0.9990
2026-06-12-18-00-08_real_fm_srv6-61min__ad_2__t3056.3_conf1.000.mp3,2026-06-12-18-00-08_real_fm_srv6-61min.mp3,ad_2,3056.288,2026-06-12 18:51:04,7.376,0.9997,0.9470,0.9980
2026-06-12-18-00-09_radio_resp_srv6-61min__ad_3__t467.8_conf0.968.mp3,2026-06-12-18-00-09_radio_resp_srv6-61min.mp3,ad_3,467.840,2026-06-12 18:07:56,18.384,0.9675,0.9700,0.9460
2026-06-12-18-00-09_radio_resp_srv6-61min__ad_3__t2787.6_conf0.962.mp3,2026-06-12-18-00-09_radio_resp_srv6-61min.mp3,ad_3,2787.552,2026-06-12 18:46:36,18.768,0.9623,0.9710,0.9660
2026-06-12-18-00-10_tmb_srv6-61min__ad_2__t38.7_conf1.000.mp3,2026-06-12-18-00-10_tmb_srv6-61min.mp3,ad_2,38.736,2026-06-12 18:00:48,14.720,1.0000,0.9950,0.9940
2026-06-12-18-00-10_tmb_srv6-61min__ad_3__t1983.2_conf0.962.mp3,2026-06-12-18-00-10_tmb_srv6-61min.mp3,ad_3,1983.168,2026-06-12 18:33:13,18.752,0.9616,0.9700,0.9650
2026-06-12-18-00-10_tmb_srv6-61min__ad_2__t3221.3_conf1.000.mp3,2026-06-12-18-00-10_tmb_srv6-61min.mp3,ad_2,3221.280,2026-06-12 18:53:51,14.816,1.0000,0.9950,1.0000
2026-06-12-18-00-10_tmb_srv6-61min__ad_3__t3515.5_conf0.998.mp3,2026-06-12-18-00-10_tmb_srv6-61min.mp3,ad_3,3515.520,2026-06-12 18:58:45,17.184,0.9984,0.9760,0.8850
2026-06-12-18-00-13_media_fm_srv6-61min__ad_1__t1213.8_conf1.000.mp3,2026-06-12-18-00-13_media_fm_srv6-61min.mp3,ad_1,1213.808,2026-06-12 18:20:26,28.272,1.0000,0.9920,0.9990
2026-06-12-18-00-16_enerji_fm_srv6-61min__ad_2__t923.5_conf1.000.mp3,2026-06-12-18-00-16_enerji_fm_srv6-61min.mp3,ad_2,923.488,2026-06-12 18:15:39,14.688,1.0000,0.9800,0.9910
2026-06-12-18-00-16_enerji_fm_srv6-61min__ad_3__t992.5_conf1.000.mp3,2026-06-12-18-00-16_enerji_fm_srv6-61min.mp3,ad_3,992.464,2026-06-12 18:16:48,19.104,0.9999,0.9740,0.9840
2026-06-12-18-00-16_enerji_fm_srv6-61min__ad_2__t3003.6_conf1.000.mp3,2026-06-12-18-00-16_enerji_fm_srv6-61min.mp3,ad_2,3003.568,2026-06-12 18:50:19,14.768,1.0000,0.9800,0.9970
2026-06-12-18-00-16_enerji_fm_srv6-61min__ad_3__t3147.1_conf0.857.mp3,2026-06-12-18-00-16_enerji_fm_srv6-61min.mp3,ad_3,3147.136,2026-06-12 18:52:43,18.032,0.8573,0.9610,0.9280
2026-06-12-18-00-17_radio_space_fm_srv6-61min__ad_3__t1850.7_conf0.991.mp3,2026-06-12-18-00-17_radio_space_fm_srv6-61min.mp3,ad_3,1850.688,2026-06-12 18:31:07,18.768,0.9908,0.9770,0.9660
2026-06-12-18-00-17_radio_space_fm_srv6-61min__ad_3__t3223.5_conf1.000.mp3,2026-06-12-18-00-17_radio_space_fm_srv6-61min.mp3,ad_3,3223.472,2026-06-12 18:54:00,19.232,1.0000,0.9970,0.9900
2026-06-12-18-00-22_yurd_fm_srv6-61min__ad_2__t1052.6_conf1.000.mp3,2026-06-12-18-00-22_yurd_fm_srv6-61min.mp3,ad_2,1052.608,2026-06-12 18:17:54,14.800,1.0000,0.9920,0.9990
2026-06-12-18-00-22_yurd_fm_srv6-61min__ad_3__t1286.8_conf0.991.mp3,2026-06-12-18-00-22_yurd_fm_srv6-61min.mp3,ad_3,1286.816,2026-06-12 18:21:48,18.000,0.9911,0.9780,0.9270
2026-06-12-18-00-22_yurd_fm_srv6-61min__ad_2__t2890.4_conf1.000.mp3,2026-06-12-18-00-22_yurd_fm_srv6-61min.mp3,ad_2,2890.416,2026-06-12 18:48:32,14.704,1.0000,0.9920,0.9920
2026-06-12-18-00-22_yurd_fm_srv6-61min__ad_3__t2936.4_conf0.988.mp3,2026-06-12-18-00-22_yurd_fm_srv6-61min.mp3,ad_3,2936.400,2026-06-12 18:49:18,18.400,0.9882,0.9760,0.9470
2026-06-12-18-00-23_xezer_fm_srv6-61min__ad_1__t2805.3_conf1.000.mp3,2026-06-12-18-00-23_xezer_fm_srv6-61min.mp3,ad_1,2805.264,2026-06-12 18:47:08,28.240,0.9998,0.9570,0.9980
2026-06-12-19-00-04_araz_fm_srv6-61min__ad_1__t2733.0_conf1.000.mp3,2026-06-12-19-00-04_araz_fm_srv6-61min.mp3,ad_1,2732.960,2026-06-12 19:45:36,28.256,1.0000,0.9740,0.9990
2026-06-12-19-00-05_asan_radio_srv6-61min__ad_1__t1106.5_conf0.999.mp3,2026-06-12-19-00-05_asan_radio_srv6-61min.mp3,ad_1,1106.528,2026-06-12 19:18:31,28.272,0.9991,0.9500,0.9990
2026-06-12-19-00-05_asan_radio_srv6-61min__ad_2__t2509.1_conf1.000.mp3,2026-06-12-19-00-05_asan_radio_srv6-61min.mp3,ad_2,2509.056,2026-06-12 19:41:54,14.384,0.9999,0.9620,0.9710
2026-06-12-19-00-07_avto_fm_srv6-61min__ad_1__t2336.4_conf1.000.mp3,2026-06-12-19-00-07_avto_fm_srv6-61min.mp3,ad_1,2336.400,2026-06-12 19:39:03,28.272,1.0000,0.9910,0.9990
2026-06-12-19-00-08_real_fm_srv6-61min__ad_2__t3107.8_conf1.000.mp3,2026-06-12-19-00-08_real_fm_srv6-61min.mp3,ad_2,3107.840,2026-06-12 19:51:55,7.376,0.9996,0.9440,0.9980
2026-06-12-19-00-09_radio_resp_srv6-61min__ad_1__t2599.1_conf1.000.mp3,2026-06-12-19-00-09_radio_resp_srv6-61min.mp3,ad_1,2599.088,2026-06-12 19:43:28,28.256,1.0000,0.9880,0.9990
2026-06-12-19-00-10_tmb_srv6-61min__ad_2__t154.9_conf1.000.mp3,2026-06-12-19-00-10_tmb_srv6-61min.mp3,ad_2,154.896,2026-06-12 19:02:44,14.736,1.0000,0.9950,0.9950
2026-06-12-19-00-10_tmb_srv6-61min__ad_3__t1389.2_conf0.985.mp3,2026-06-12-19-00-10_tmb_srv6-61min.mp3,ad_3,1389.152,2026-06-12 19:23:19,17.792,0.9853,0.9750,0.9160
2026-06-12-19-00-10_tmb_srv6-61min__ad_2__t1806.8_conf1.000.mp3,2026-06-12-19-00-10_tmb_srv6-61min.mp3,ad_2,1806.816,2026-06-12 19:30:16,14.720,1.0000,0.9950,0.9940
2026-06-12-19-00-13_media_fm_srv6-61min__ad_1__t2884.0_conf1.000.mp3,2026-06-12-19-00-13_media_fm_srv6-61min.mp3,ad_1,2883.968,2026-06-12 19:48:16,28.288,1.0000,0.9910,1.0000
2026-06-12-19-00-16_enerji_fm_srv6-61min__ad_2__t937.1_conf1.000.mp3,2026-06-12-19-00-16_enerji_fm_srv6-61min.mp3,ad_2,937.104,2026-06-12 19:15:53,14.816,1.0000,0.9790,1.0000
2026-06-12-19-00-16_enerji_fm_srv6-61min__ad_2__t2712.8_conf1.000.mp3,2026-06-12-19-00-16_enerji_fm_srv6-61min.mp3,ad_2,2712.784,2026-06-12 19:45:28,14.816,1.0000,0.9800,1.0000
2026-06-12-19-00-17_radio_space_fm_srv6-61min__ad_3__t946.6_conf0.986.mp3,2026-06-12-19-00-17_radio_space_fm_srv6-61min.mp3,ad_3,946.592,2026-06-12 19:16:03,17.024,0.9860,0.9830,0.8760
2026-06-12-19-00-17_radio_space_fm_srv6-61min__ad_3__t2904.4_conf0.988.mp3,2026-06-12-19-00-17_radio_space_fm_srv6-61min.mp3,ad_3,2904.416,2026-06-12 19:48:41,16.912,0.9876,0.9830,0.8710
2026-06-12-19-00-17_radio_space_fm_srv6-61min__ad_3__t3089.4_conf0.997.mp3,2026-06-12-19-00-17_radio_space_fm_srv6-61min.mp3,ad_3,3089.392,2026-06-12 19:51:46,17.952,0.9966,0.9830,0.9240
2026-06-12-19-00-22_yurd_fm_srv6-61min__ad_2__t1059.1_conf1.000.mp3,2026-06-12-19-00-22_yurd_fm_srv6-61min.mp3,ad_2,1059.072,2026-06-12 19:18:01,14.800,1.0000,0.9920,0.9990
2026-06-12-19-00-22_yurd_fm_srv6-61min__ad_2__t2819.2_conf1.000.mp3,2026-06-12-19-00-22_yurd_fm_srv6-61min.mp3,ad_2,2819.168,2026-06-12 19:47:21,14.800,1.0000,0.9920,0.9990
2026-06-12-19-00-23_xezer_fm_srv6-61min__ad_1__t2521.4_conf1.000.mp3,2026-06-12-19-00-23_xezer_fm_srv6-61min.mp3,ad_1,2521.440,2026-06-12 19:42:24,28.256,1.0000,0.9660,0.9990
2026-06-12-20-00-02_106.3fm_srv6-61min__ad_1__t1222.1_conf1.000.mp3,2026-06-12-20-00-02_106.3fm_srv6-61min.mp3,ad_1,1222.112,2026-06-12 20:20:24,28.256,1.0000,0.9630,0.9990
2026-06-12-20-00-07_avto_fm_srv6-61min__ad_1__t1359.0_conf1.000.mp3,2026-06-12-20-00-07_avto_fm_srv6-61min.mp3,ad_1,1359.024,2026-06-12 20:22:46,28.272,1.0000,0.9910,0.9990
2026-06-12-20-00-08_real_fm_srv6-61min__ad_2__t2882.8_conf0.999.mp3,2026-06-12-20-00-08_real_fm_srv6-61min.mp3,ad_2,2882.816,2026-06-12 20:48:10,14.240,0.9993,0.9450,0.9610
2026-06-12-20-00-09_radio_resp_srv6-61min__ad_3__t566.3_conf1.000.mp3,2026-06-12-20-00-09_radio_resp_srv6-61min.mp3,ad_3,566.272,2026-06-12 20:09:35,19.296,1.0000,0.9900,0.9930
2026-06-12-20-00-10_tmb_srv6-61min__ad_2__t84.6_conf1.000.mp3,2026-06-12-20-00-10_tmb_srv6-61min.mp3,ad_2,84.640,2026-06-12 20:01:34,14.736,1.0000,0.9950,0.9950
2026-06-12-20-00-10_tmb_srv6-61min__ad_3__t1066.4_conf0.997.mp3,2026-06-12-20-00-10_tmb_srv6-61min.mp3,ad_3,1066.384,2026-06-12 20:17:56,17.184,0.9973,0.9760,0.8850
2026-06-12-20-00-10_tmb_srv6-61min__ad_3__t1244.3_conf0.958.mp3,2026-06-12-20-00-10_tmb_srv6-61min.mp3,ad_3,1244.320,2026-06-12 20:20:54,18.752,0.9580,0.9700,0.9650
2026-06-12-20-00-10_tmb_srv6-61min__ad_2__t1983.8_conf1.000.mp3,2026-06-12-20-00-10_tmb_srv6-61min.mp3,ad_2,1983.760,2026-06-12 20:33:13,14.752,1.0000,0.9950,0.9960
2026-06-12-20-00-10_tmb_srv6-61min__ad_2__t3638.9_conf1.000.mp3,2026-06-12-20-00-10_tmb_srv6-61min.mp3,ad_2,3638.896,2026-06-12 21:00:48,14.720,1.0000,0.9950,0.9940
2026-06-12-20-00-16_enerji_fm_srv6-61min__ad_3__t972.3_conf0.804.mp3,2026-06-12-20-00-16_enerji_fm_srv6-61min.mp3,ad_3,972.336,2026-06-12 20:16:28,17.744,0.8041,0.9600,0.9140
2026-06-12-20-00-22_yurd_fm_srv6-61min__ad_3__t1263.1_conf0.975.mp3,2026-06-12-20-00-22_yurd_fm_srv6-61min.mp3,ad_3,1263.056,2026-06-12 20:21:25,18.800,0.9747,0.9740,0.9680
2026-06-12-20-00-22_yurd_fm_srv6-61min__ad_3__t2792.4_conf1.000.mp3,2026-06-12-20-00-22_yurd_fm_srv6-61min.mp3,ad_3,2792.400,2026-06-12 20:46:54,19.424,1.0000,0.9930,1.0000
2026-06-12-21-00-06_asan_radio_srv6-61min__ad_2__t2117.5_conf1.000.mp3,2026-06-12-21-00-06_asan_radio_srv6-61min.mp3,ad_2,2117.504,2026-06-12 21:35:23,14.400,0.9999,0.9630,0.9720
2026-06-12-21-00-09_real_fm_srv6-61min__ad_2__t3021.2_conf0.999.mp3,2026-06-12-21-00-09_real_fm_srv6-61min.mp3,ad_2,3021.152,2026-06-12 21:50:30,7.376,0.9993,0.9460,0.9980
2026-06-12-21-00-10_radio_resp_srv6-61min__ad_1__t804.0_conf1.000.mp3,2026-06-12-21-00-10_radio_resp_srv6-61min.mp3,ad_1,803.968,2026-06-12 21:13:33,28.272,1.0000,0.9880,0.9990
2026-06-12-21-00-10_radio_resp_srv6-61min__ad_1__t2743.0_conf1.000.mp3,2026-06-12-21-00-10_radio_resp_srv6-61min.mp3,ad_1,2743.008,2026-06-12 21:45:53,28.256,1.0000,0.9880,0.9990
2026-06-12-21-00-11_tmb_srv6-61min__ad_2__t39.0_conf1.000.mp3,2026-06-12-21-00-11_tmb_srv6-61min.mp3,ad_2,39.040,2026-06-12 21:00:50,14.720,1.0000,0.9950,0.9940
2026-06-12-21-00-11_tmb_srv6-61min__ad_2__t1979.2_conf1.000.mp3,2026-06-12-21-00-11_tmb_srv6-61min.mp3,ad_2,1979.168,2026-06-12 21:33:10,14.720,1.0000,0.9950,0.9940
2026-06-12-22-00-05_asan_radio_srv6-61min__ad_2__t2067.2_conf1.000.mp3,2026-06-12-22-00-05_asan_radio_srv6-61min.mp3,ad_2,2067.152,2026-06-12 22:34:32,14.384,0.9999,0.9620,0.9710
2026-06-12-22-00-08_real_fm_srv6-61min__ad_2__t3016.1_conf0.999.mp3,2026-06-12-22-00-08_real_fm_srv6-61min.mp3,ad_2,3016.112,2026-06-12 22:50:24,7.376,0.9990,0.9450,0.9980
2026-06-12-22-00-09_radio_resp_srv6-61min__ad_1__t2611.8_conf1.000.mp3,2026-06-12-22-00-09_radio_resp_srv6-61min.mp3,ad_1,2611.792,2026-06-12 22:43:40,28.256,1.0000,0.9880,0.9990
2026-06-12-22-00-10_tmb_srv6-61min__ad_2__t1846.0_conf1.000.mp3,2026-06-12-22-00-10_tmb_srv6-61min.mp3,ad_2,1845.968,2026-06-12 22:30:55,14.656,1.0000,0.9950,0.9890
2026-06-12-23-00-08_real_fm_srv6-61min__ad_2__t2928.1_conf0.999.mp3,2026-06-12-23-00-08_real_fm_srv6-61min.mp3,ad_2,2928.064,2026-06-12 23:48:56,7.376,0.9990,0.9440,0.9980
